epoch,steps,cosine_pearson,cosine_spearman
0.9259259259259259,200,0.787812014324663,0.7642775058835226
1.8518518518518519,400,0.8498947325081967,0.8109374734578457
