epoch,steps,cosine_pearson,cosine_spearman
0.9803921568627451,200,0.8502104042767165,0.7930768463172562
1.9607843137254903,400,0.8805561818130924,0.8168224320525292
