epoch,steps,cosine_pearson,cosine_spearman
1.834862385321101,200,0.9712645874524083,0.8643604033556408
