epoch,steps,cosine_pearson,cosine_spearman
1.0,109,0.950716059630896,0.8628723716735135
2.0,218,0.9715764737158068,0.8643604033556408
