epoch,steps,cosine_pearson,cosine_spearman
1.0,109,0.950716059630896,0.8628723716735135
2.0,218,0.9715764737158068,0.8643604033556408
1.0,204,0.8455754970841569,0.7878905360754366
2.0,408,0.8805792546758974,0.8166938458481866
