epoch,steps,cosine_pearson,cosine_spearman
1.0,109,0.950716059630896,0.8628723716735135
2.0,218,0.9715764737158068,0.8643604033556408
1.0,204,0.8455754970841569,0.7878905360754366
2.0,408,0.8805792546758974,0.8166938458481866
1.0,216,0.7988649637593823,0.7736995910493755
2.0,432,0.8533786740707511,0.8133023792962869
1.0,7,0.9522756507595216,0.8660254037844387
2.0,14,0.959448014929578,0.8660254037844387
3.0,21,0.968647905163756,0.8660254037844387
