epoch,steps,cosine_pearson,cosine_spearman
-1,-1,0.8552426718606035,0.8073717146381539
-1,-1,0.8441475622582937,0.8068012252091118
-1,-1,0.9398581624089124,0.8596457906750804
