epoch,steps,cosine_pearson,cosine_spearman
-1,-1,0.8552426718606035,0.8073717146381539
